product,vendor_code,terms_raw,terms_days,price
90/10 Win 2.5,A,30,30,10.94
90/10 Win 2.5,B,No current vendor,0,  
90/10 Win 2.5,C,August 1st terms,242,  
90/10 Win 2.5,D,March 15th terms ,103,7.5
90/10 Win 2.5,E,30,30,  
90/10 Win 2.5,F,30,30,10.94
90/10 Win 2.5,G,30,30,8.7
90/10 Win 2.5,H,30,30,  
90/10 Win 2.5,I,30,30,  
90/10 Win 2.5,J,March 15th terms ,103,  
90/10 Win 2.5,K,30,30,  
90/10 Win 2.5,L,30,30,  
90/10 Win 2.5,M,30,30,  
90/10 Win 2.5,N,30,30,  
90/10 Win 2.5,O,No current vendor,0,  
90/10 Win 2.5,P,No current vendor,0,  
90/10 Win 2.5,Q,30,30,  
90/10 Win 2.5,R,No current vendor,0,  
90/10 Win 2.5,S,No current vendor,0,  
90/10 Win 2.5,T,No current vendor,0,  
90/10 Win 2.5,U,No current vendor,0,  
90/10 Win 2.5,V,No current vendor,0,  
90/10 Win 2.5,W,No current vendor,0,  
90/10 Win 2.5,X,30,30,  
90/10 Win 2.5,Y,No current vendor,0,  
90/10 Win 2.5,Z,No current vendor,0,  
90/10 Win Tote,A,30,30,9.14
90/10 Win Tote,B,No current vendor,0,  
90/10 Win Tote,C,August 1st terms,242,  
90/10 Win Tote,D,March 15th terms ,103,6.5
90/10 Win Tote,E,30,30,  
90/10 Win Tote,F,30,30,9.14
90/10 Win Tote,G,30,30,7.6
90/10 Win Tote,H,30,30,  
90/10 Win Tote,I,30,30,  
90/10 Win Tote,J,March 15th terms ,103,  
90/10 Win Tote,K,30,30,  
90/10 Win Tote,L,30,30,  
90/10 Win Tote,M,30,30,  
90/10 Win Tote,N,30,30,  
90/10 Win Tote,O,No current vendor,0,  
90/10 Win Tote,P,No current vendor,0,  
90/10 Win Tote,Q,30,30,  
90/10 Win Tote,R,No current vendor,0,  
90/10 Win Tote,S,No current vendor,0,  
90/10 Win Tote,T,No current vendor,0,  
90/10 Win Tote,U,No current vendor,0,  
90/10 Win Tote,V,No current vendor,0,  
90/10 Win Tote,W,No current vendor,0,  
90/10 Win Tote,X,30,30,  
90/10 Win Tote,Y,No current vendor,0,  
90/10 Win Tote,Z,No current vendor,0,  
BoneYard Win 2.5,A,30,30,10.49
BoneYard Win 2.5,B,No current vendor,0,  
BoneYard Win 2.5,C,August 1st terms,242,  
BoneYard Win 2.5,D,March 15th terms ,103,7.8
BoneYard Win 2.5,E,30,30,  
BoneYard Win 2.5,F,30,30,10.49
BoneYard Win 2.5,G,30,30,8.22
BoneYard Win 2.5,H,30,30,  
BoneYard Win 2.5,I,30,30,  
BoneYard Win 2.5,J,March 15th terms ,103,  
BoneYard Win 2.5,K,30,30,  
BoneYard Win 2.5,L,30,30,  
BoneYard Win 2.5,M,30,30,  
BoneYard Win 2.5,N,30,30,  
BoneYard Win 2.5,O,No current vendor,0,  
BoneYard Win 2.5,P,No current vendor,0,  
BoneYard Win 2.5,Q,30,30,  
BoneYard Win 2.5,R,No current vendor,0,  
BoneYard Win 2.5,S,No current vendor,0,  
BoneYard Win 2.5,T,No current vendor,0,  
BoneYard Win 2.5,U,No current vendor,0,  
BoneYard Win 2.5,V,No current vendor,0,  
BoneYard Win 2.5,W,No current vendor,0,  
BoneYard Win 2.5,X,30,30,  
BoneYard Win 2.5,Y,No current vendor,0,  
BoneYard Win 2.5,Z,No current vendor,0,  
BoneYard Win Tote,A,30,30,8
BoneYard Win Tote,B,No current vendor,0,  
BoneYard Win Tote,C,August 1st terms,242,  
BoneYard Win Tote,D,March 15th terms ,103,7.4
BoneYard Win Tote,F,30,30,8
BoneYard Win Tote,G,30,30,7.12
BoneYard Win Tote,H,30,30,  
BoneYard Win Tote,I,30,30,  
BoneYard Win Tote,J,March 15th terms ,103,  
BoneYard Win Tote,K,30,30,  
BoneYard Win Tote,L,30,30,  
BoneYard Win Tote,M,30,30,  
BoneYard Win Tote,N,30,30,  
BoneYard Win Tote,O,No current vendor,0,  
BoneYard Win Tote,P,No current vendor,0,  
BoneYard Win Tote,Q,30,30,  
BoneYard Win Tote,R,No current vendor,0,  
BoneYard Win Tote,S,No current vendor,0,  
BoneYard Win Tote,T,No current vendor,0,  
BoneYard Win Tote,U,No current vendor,0,  
BoneYard Win Tote,V,No current vendor,0,  
BoneYard Win Tote,W,No current vendor,0,  
BoneYard Win Tote,X,30,30,  
BoneYard Win Tote,Y,No current vendor,0,  
BoneYard Win Tote,Z,No current vendor,0,  
Essential WinZNP 2.5,A,30,30,  
Essential WinZNP 2.5,B,No current vendor,0,  
Essential WinZNP 2.5,C,August 1st terms,242,  
Essential WinZNP 2.5,D,March 15th terms ,103,  
Essential WinZNP 2.5,E,30,30,  
Essential WinZNP 2.5,F,30,30,  
Essential WinZNP 2.5,G,30,30,  
Essential WinZNP 2.5,H,30,30,  
Essential WinZNP 2.5,I,30,30,  
Essential WinZNP 2.5,J,March 15th terms ,103,  
Essential WinZNP 2.5,K,30,30,  
Essential WinZNP 2.5,L,30,30,  
Essential WinZNP 2.5,M,30,30,  
Essential WinZNP 2.5,N,30,30,  
Essential WinZNP 2.5,O,No current vendor,0,  
Essential WinZNP 2.5,P,No current vendor,0,  
Essential WinZNP 2.5,Q,30,30,  
Essential WinZNP 2.5,R,No current vendor,0,  
Essential WinZNP 2.5,S,No current vendor,0,  
Essential WinZNP 2.5,T,No current vendor,0,  
Essential WinZNP 2.5,U,No current vendor,0,  
Essential WinZNP 2.5,V,No current vendor,0,  
Essential WinZNP 2.5,W,No current vendor,0,  
Essential WinZNP 2.5,X,30,30,  
Essential WinZNP 2.5,Y,No current vendor,0,  
Essential WinZNP 2.5,Z,No current vendor,0,  
Essential WinZNP Tote,A,30,30,  
Essential WinZNP Tote,B,No current vendor,0,  
Essential WinZNP Tote,C,August 1st terms,242,  
Essential WinZNP Tote,D,March 15th terms ,103,  
Essential WinZNP Tote,E,30,30,  
Essential WinZNP Tote,F,30,30,  
Essential WinZNP Tote,G,30,30,  
Essential WinZNP Tote,H,30,30,  
Essential WinZNP Tote,I,30,30,  
Essential WinZNP Tote,J,March 15th terms ,103,  
Essential WinZNP Tote,K,30,30,  
Essential WinZNP Tote,L,30,30,  
Essential WinZNP Tote,M,30,30,  
Essential WinZNP Tote,N,30,30,  
Essential WinZNP Tote,O,No current vendor,0,  
Essential WinZNP Tote,P,No current vendor,0,  
Essential WinZNP Tote,Q,30,30,  
Essential WinZNP Tote,R,No current vendor,0,  
Essential WinZNP Tote,S,No current vendor,0,  
Essential WinZNP Tote,T,No current vendor,0,  
Essential WinZNP Tote,U,No current vendor,0,  
Essential WinZNP Tote,V,No current vendor,0,  
Essential WinZNP Tote,W,No current vendor,0,  
Essential WinZNP Tote,X,30,30,  
Essential WinZNP Tote,Y,No current vendor,0,  
Essential WinZNP Tote,Z,No current vendor,0,  
Moly 3% 2.5,A,30,30,  
Moly 3% 2.5,B,No current vendor,0,  
Moly 3% 2.5,C,August 1st terms,242,  
Moly 3% 2.5,D,March 15th terms ,103,  
Moly 3% 2.5,E,30,30,  
Moly 3% 2.5,F,30,30,  
Moly 3% 2.5,G,30,30,  
Moly 3% 2.5,H,30,30,  
Moly 3% 2.5,I,30,30,  
Moly 3% 2.5,J,March 15th terms ,103,  
Moly 3% 2.5,K,30,30,  
Moly 3% 2.5,L,30,30,  
Moly 3% 2.5,M,30,30,  
Moly 3% 2.5,N,30,30,  
Moly 3% 2.5,O,No current vendor,0,  
Moly 3% 2.5,P,No current vendor,0,  
Moly 3% 2.5,Q,30,30,  
Moly 3% 2.5,R,No current vendor,0,  
Moly 3% 2.5,S,No current vendor,0,  
Moly 3% 2.5,T,No current vendor,0,  
Moly 3% 2.5,U,No current vendor,0,  
Moly 3% 2.5,V,No current vendor,0,  
Moly 3% 2.5,W,No current vendor,0,  
Moly 3% 2.5,X,30,30,  
Moly 3% 2.5,Y,No current vendor,0,  
Moly 3% 2.5,Z,No current vendor,0,  
Moly 3% Tote,A,30,30,  
Moly 3% Tote,B,No current vendor,0,  
Moly 3% Tote,C,August 1st terms,242,  
Moly 3% Tote,D,March 15th terms ,103,  
Moly 3% Tote,E,30,30,  
Moly 3% Tote,F,30,30,  
Moly 3% Tote,G,30,30,  
Moly 3% Tote,H,30,30,  
Moly 3% Tote,I,30,30,  
Moly 3% Tote,J,March 15th terms ,103,  
Moly 3% Tote,K,30,30,  
Moly 3% Tote,L,30,30,  
Moly 3% Tote,M,30,30,  
Moly 3% Tote,N,30,30,  
Moly 3% Tote,O,No current vendor,0,  
Moly 3% Tote,P,No current vendor,0,  
Moly 3% Tote,Q,30,30,  
Moly 3% Tote,R,No current vendor,0,  
Moly 3% Tote,S,No current vendor,0,  
Moly 3% Tote,T,No current vendor,0,  
Moly 3% Tote,U,No current vendor,0,  
Moly 3% Tote,V,No current vendor,0,  
Moly 3% Tote,W,No current vendor,0,  
Moly 3% Tote,X,30,30,  
Moly 3% Tote,Y,No current vendor,0,  
Moly 3% Tote,Z,No current vendor,0,  
pH Tuff Buff 2.5,A,30,30,14.77
pH Tuff Buff 2.5,B,No current vendor,0,  
pH Tuff Buff 2.5,C,August 1st terms,242,  
pH Tuff Buff 2.5,D,March 15th terms ,103,  
pH Tuff Buff 2.5,E,30,30,  
pH Tuff Buff 2.5,F,30,30,14.77
pH Tuff Buff 2.5,G,30,30,14.77
pH Tuff Buff 2.5,H,30,30,  
pH Tuff Buff 2.5,I,30,30,  
pH Tuff Buff 2.5,J,March 15th terms ,103,  
pH Tuff Buff 2.5,K,30,30,  
pH Tuff Buff 2.5,L,30,30,  
pH Tuff Buff 2.5,M,30,30,  
pH Tuff Buff 2.5,N,30,30,  
pH Tuff Buff 2.5,O,No current vendor,0,  
pH Tuff Buff 2.5,P,No current vendor,0,  
pH Tuff Buff 2.5,Q,30,30,  
pH Tuff Buff 2.5,R,No current vendor,0,  
pH Tuff Buff 2.5,S,No current vendor,0,  
pH Tuff Buff 2.5,T,No current vendor,0,  
pH Tuff Buff 2.5,U,No current vendor,0,  
pH Tuff Buff 2.5,V,No current vendor,0,  
pH Tuff Buff 2.5,W,No current vendor,0,  
pH Tuff Buff 2.5,X,30,30,  
pH Tuff Buff 2.5,Y,No current vendor,0,  
pH Tuff Buff 2.5,Z,No current vendor,0,  
pH Tuff Buff Tote,A,30,30,12.75
pH Tuff Buff Tote,B,No current vendor,0,  
pH Tuff Buff Tote,C,August 1st terms,242,  
pH Tuff Buff Tote,D,March 15th terms ,103,  
pH Tuff Buff Tote,E,30,30,  
pH Tuff Buff Tote,F,30,30,12.75
pH Tuff Buff Tote,G,30,30,12.75
pH Tuff Buff Tote,H,30,30,  
pH Tuff Buff Tote,I,30,30,  
pH Tuff Buff Tote,J,March 15th terms ,103,  
pH Tuff Buff Tote,K,30,30,  
pH Tuff Buff Tote,L,30,30,  
pH Tuff Buff Tote,M,30,30,  
pH Tuff Buff Tote,N,30,30,  
pH Tuff Buff Tote,O,No current vendor,0,  
pH Tuff Buff Tote,P,No current vendor,0,  
pH Tuff Buff Tote,Q,30,30,  
pH Tuff Buff Tote,R,No current vendor,0,  
pH Tuff Buff Tote,S,No current vendor,0,  
pH Tuff Buff Tote,T,No current vendor,0,  
pH Tuff Buff Tote,U,No current vendor,0,  
pH Tuff Buff Tote,V,No current vendor,0,  
pH Tuff Buff Tote,W,No current vendor,0,  
pH Tuff Buff Tote,X,30,30,  
pH Tuff Buff Tote,Y,No current vendor,0,  
pH Tuff Buff Tote,Z,No current vendor,0,  
SafeNBPT 2.5,A,30,30,  
SafeNBPT 2.5,B,No current vendor,0,  
SafeNBPT 2.5,C,August 1st terms,242,  
SafeNBPT 2.5,D,March 15th terms ,103,35
SafeNBPT 2.5,E,30,30,  
SafeNBPT 2.5,F,30,30,  
SafeNBPT 2.5,G,30,30,  
SafeNBPT 2.5,H,30,30,  
SafeNBPT 2.5,I,30,30,  
SafeNBPT 2.5,J,March 15th terms ,103,  
SafeNBPT 2.5,K,30,30,  
SafeNBPT 2.5,L,30,30,  
SafeNBPT 2.5,M,30,30,  
SafeNBPT 2.5,N,30,30,  
SafeNBPT 2.5,O,No current vendor,0,  
SafeNBPT 2.5,P,No current vendor,0,  
SafeNBPT 2.5,Q,30,30,  
SafeNBPT 2.5,R,No current vendor,0,  
SafeNBPT 2.5,S,No current vendor,0,  
SafeNBPT 2.5,T,No current vendor,0,  
SafeNBPT 2.5,U,No current vendor,0,  
SafeNBPT 2.5,V,No current vendor,0,  
SafeNBPT 2.5,W,No current vendor,0,  
SafeNBPT 2.5,X,30,30,  
SafeNBPT 2.5,Y,No current vendor,0,  
SafeNBPT 2.5,Z,No current vendor,0,  
SafeNBPT Tote,A,30,30,  
SafeNBPT Tote,B,No current vendor,0,  
SafeNBPT Tote,C,August 1st terms,242,  
SafeNBPT Tote,D,March 15th terms ,103,36
SafeNBPT Tote,E,30,30,  
SafeNBPT Tote,F,30,30,  
SafeNBPT Tote,G,30,30,  
SafeNBPT Tote,H,30,30,  
SafeNBPT Tote,I,30,30,  
SafeNBPT Tote,J,March 15th terms ,103,  
SafeNBPT Tote,K,30,30,  
SafeNBPT Tote,L,30,30,  
SafeNBPT Tote,M,30,30,  
SafeNBPT Tote,N,30,30,  
SafeNBPT Tote,O,No current vendor,0,  
SafeNBPT Tote,P,No current vendor,0,  
SafeNBPT Tote,Q,30,30,  
SafeNBPT Tote,R,No current vendor,0,  
SafeNBPT Tote,S,No current vendor,0,  
SafeNBPT Tote,T,No current vendor,0,  
SafeNBPT Tote,U,No current vendor,0,  
SafeNBPT Tote,V,No current vendor,0,  
SafeNBPT Tote,W,No current vendor,0,  
SafeNBPT Tote,X,30,30,  
SafeNBPT Tote,Y,No current vendor,0,  
SafeNBPT Tote,Z,No current vendor,0,  
SafeNStabil 2.5,A,30,30,  
SafeNStabil 2.5,B,No current vendor,0,  
SafeNStabil 2.5,C,August 1st terms,242,  
SafeNStabil 2.5,D,March 15th terms ,103,16
SafeNStabil 2.5,E,30,30,  
SafeNStabil 2.5,F,30,30,  
SafeNStabil 2.5,G,30,30,  
SafeNStabil 2.5,H,30,30,  
SafeNStabil 2.5,I,30,30,  
SafeNStabil 2.5,J,March 15th terms ,103,  
SafeNStabil 2.5,K,30,30,  
SafeNStabil 2.5,L,30,30,  
SafeNStabil 2.5,M,30,30,  
SafeNStabil 2.5,N,30,30,  
SafeNStabil 2.5,O,No current vendor,0,  
SafeNStabil 2.5,P,No current vendor,0,  
SafeNStabil 2.5,Q,30,30,  
SafeNStabil 2.5,R,No current vendor,0,  
SafeNStabil 2.5,S,No current vendor,0,  
SafeNStabil 2.5,T,No current vendor,0,  
SafeNStabil 2.5,U,No current vendor,0,  
SafeNStabil 2.5,V,No current vendor,0,  
SafeNStabil 2.5,W,No current vendor,0,  
SafeNStabil 2.5,X,30,30,  
SafeNStabil 2.5,Y,No current vendor,0,  
SafeNStabil 2.5,Z,No current vendor,0,  
SafeNStabil Tote,A,30,30,  
SafeNStabil Tote,B,No current vendor,0,  
SafeNStabil Tote,C,August 1st terms,242,  
SafeNStabil Tote,D,March 15th terms ,103,15
SafeNStabil Tote,E,30,30,  
SafeNStabil Tote,F,30,30,  
SafeNStabil Tote,G,30,30,  
SafeNStabil Tote,H,30,30,  
SafeNStabil Tote,I,30,30,  
SafeNStabil Tote,J,March 15th terms ,103,  
SafeNStabil Tote,K,30,30,  
SafeNStabil Tote,L,30,30,  
SafeNStabil Tote,M,30,30,  
SafeNStabil Tote,N,30,30,  
SafeNStabil Tote,O,No current vendor,0,  
SafeNStabil Tote,P,No current vendor,0,  
SafeNStabil Tote,Q,30,30,  
SafeNStabil Tote,R,No current vendor,0,  
SafeNStabil Tote,S,No current vendor,0,  
SafeNStabil Tote,T,No current vendor,0,  
SafeNStabil Tote,U,No current vendor,0,  
SafeNStabil Tote,V,No current vendor,0,  
SafeNStabil Tote,W,No current vendor,0,  
SafeNStabil Tote,X,30,30,  
SafeNStabil Tote,Y,No current vendor,0,  
SafeNStabil Tote,Z,No current vendor,0,  
SaltLick 2.5,A,30,30,  
SaltLick 2.5,B,No current vendor,0,  
SaltLick 2.5,C,August 1st terms,242,  
SaltLick 2.5,D,March 15th terms ,103,  
SaltLick 2.5,E,30,30,  
SaltLick 2.5,F,30,30,  
SaltLick 2.5,G,30,30,  
SaltLick 2.5,H,30,30,  
SaltLick 2.5,I,30,30,  
SaltLick 2.5,J,March 15th terms ,103,  
SaltLick 2.5,K,30,30,  
SaltLick 2.5,L,30,30,  
SaltLick 2.5,M,30,30,  
SaltLick 2.5,N,30,30,  
SaltLick 2.5,O,No current vendor,0,  
SaltLick 2.5,P,No current vendor,0,  
SaltLick 2.5,Q,30,30,  
SaltLick 2.5,R,No current vendor,0,  
SaltLick 2.5,S,No current vendor,0,  
SaltLick 2.5,T,No current vendor,0,  
SaltLick 2.5,U,No current vendor,0,  
SaltLick 2.5,V,No current vendor,0,  
SaltLick 2.5,W,No current vendor,0,  
SaltLick 2.5,X,30,30,  
SaltLick 2.5,Y,No current vendor,0,  
SaltLick 2.5,Z,No current vendor,0,  
SoySauce Win 2.5,A,30,30,  
SoySauce Win 2.5,B,No current vendor,0,  
SoySauce Win 2.5,C,August 1st terms,242,  
SoySauce Win 2.5,D,March 15th terms ,103,11
SoySauce Win 2.5,E,30,30,  
SoySauce Win 2.5,F,30,30,  
SoySauce Win 2.5,G,30,30,  
SoySauce Win 2.5,H,30,30,  
SoySauce Win 2.5,I,30,30,  
SoySauce Win 2.5,J,March 15th terms ,103,  
SoySauce Win 2.5,K,30,30,  
SoySauce Win 2.5,L,30,30,  
SoySauce Win 2.5,M,30,30,  
SoySauce Win 2.5,N,30,30,  
SoySauce Win 2.5,O,No current vendor,0,  
SoySauce Win 2.5,P,No current vendor,0,  
SoySauce Win 2.5,Q,30,30,  
SoySauce Win 2.5,R,No current vendor,0,  
SoySauce Win 2.5,S,No current vendor,0,  
SoySauce Win 2.5,T,No current vendor,0,  
SoySauce Win 2.5,U,No current vendor,0,  
SoySauce Win 2.5,V,No current vendor,0,  
SoySauce Win 2.5,W,No current vendor,0,  
SoySauce Win 2.5,X,30,30,  
SoySauce Win 2.5,Y,No current vendor,0,  
SoySauce Win 2.5,Z,No current vendor,0,  
SoySauce Win Tote,A,30,30,  
SoySauce Win Tote,B,No current vendor,0,  
SoySauce Win Tote,C,August 1st terms,242,  
SoySauce Win Tote,D,March 15th terms ,103,9.5
SoySauce Win Tote,E,30,30,  
SoySauce Win Tote,F,30,30,  
SoySauce Win Tote,G,30,30,  
SoySauce Win Tote,H,30,30,  
SoySauce Win Tote,I,30,30,  
SoySauce Win Tote,J,March 15th terms ,103,  
SoySauce Win Tote,K,30,30,  
SoySauce Win Tote,L,30,30,  
SoySauce Win Tote,M,30,30,  
SoySauce Win Tote,N,30,30,  
SoySauce Win Tote,O,No current vendor,0,  
SoySauce Win Tote,P,No current vendor,0,  
SoySauce Win Tote,Q,30,30,  
SoySauce Win Tote,R,No current vendor,0,  
SoySauce Win Tote,S,No current vendor,0,  
SoySauce Win Tote,T,No current vendor,0,  
SoySauce Win Tote,U,No current vendor,0,  
SoySauce Win Tote,V,No current vendor,0,  
SoySauce Win Tote,W,No current vendor,0,  
SoySauce Win Tote,X,30,30,  
SoySauce Win Tote,Y,No current vendor,0,  
SoySauce Win Tote,Z,No current vendor,0,  
Sweet Caroline Tote,A,30,30,  
Sweet Caroline Tote,B,No current vendor,0,  
Sweet Caroline Tote,C,August 1st terms,242,  
Sweet Caroline Tote,D,March 15th terms ,103,  
Sweet Caroline Tote,E,30,30,  
Sweet Caroline Tote,F,30,30,  
Sweet Caroline Tote,G,30,30,  
Sweet Caroline Tote,H,30,30,  
Sweet Caroline Tote,I,30,30,  
Sweet Caroline Tote,J,March 15th terms ,103,  
Sweet Caroline Tote,K,30,30,  
Sweet Caroline Tote,L,30,30,  
Sweet Caroline Tote,M,30,30,  
Sweet Caroline Tote,N,30,30,  
Sweet Caroline Tote,O,No current vendor,0,  
Sweet Caroline Tote,P,No current vendor,0,  
Sweet Caroline Tote,Q,30,30,  
Sweet Caroline Tote,R,No current vendor,0,  
Sweet Caroline Tote,S,No current vendor,0,  
Sweet Caroline Tote,T,No current vendor,0,  
Sweet Caroline Tote,U,No current vendor,0,  
Sweet Caroline Tote,V,No current vendor,0,  
Sweet Caroline Tote,W,No current vendor,0,  
Sweet Caroline Tote,X,30,30,  
Sweet Caroline Tote,Y,No current vendor,0,  
Sweet Caroline Tote,Z,No current vendor,0,  
Tac 5 Trio 2.5,A,30,30,  
Tac 5 Trio 2.5,B,No current vendor,0,  
Tac 5 Trio 2.5,C,August 1st terms,242,  
Tac 5 Trio 2.5,D,March 15th terms ,103,  
Tac 5 Trio 2.5,E,30,30,  
Tac 5 Trio 2.5,F,30,30,  
Tac 5 Trio 2.5,G,30,30,  
Tac 5 Trio 2.5,H,30,30,  
Tac 5 Trio 2.5,I,30,30,  
Tac 5 Trio 2.5,J,March 15th terms ,103,  
Tac 5 Trio 2.5,K,30,30,  
Tac 5 Trio 2.5,L,30,30,  
Tac 5 Trio 2.5,M,30,30,  
Tac 5 Trio 2.5,N,30,30,  
Tac 5 Trio 2.5,O,No current vendor,0,  
Tac 5 Trio 2.5,P,No current vendor,0,  
Tac 5 Trio 2.5,Q,30,30,  
Tac 5 Trio 2.5,R,No current vendor,0,  
Tac 5 Trio 2.5,S,No current vendor,0,  
Tac 5 Trio 2.5,T,No current vendor,0,  
Tac 5 Trio 2.5,U,No current vendor,0,  
Tac 5 Trio 2.5,V,No current vendor,0,  
Tac 5 Trio 2.5,W,No current vendor,0,  
Tac 5 Trio 2.5,X,30,30,  
Tac 5 Trio 2.5,Y,No current vendor,0,  
Tac 5 Trio 2.5,Z,No current vendor,0,  
Tac 5 Trio tote,A,30,30,  
Tac 5 Trio tote,B,No current vendor,0,  
Tac 5 Trio tote,C,August 1st terms,242,  
Tac 5 Trio tote,D,March 15th terms ,103,  
Tac 5 Trio tote,E,30,30,  
Tac 5 Trio tote,F,30,30,  
Tac 5 Trio tote,G,30,30,  
Tac 5 Trio tote,H,30,30,  
Tac 5 Trio tote,I,30,30,  
Tac 5 Trio tote,J,March 15th terms ,103,  
Tac 5 Trio tote,K,30,30,  
Tac 5 Trio tote,L,30,30,  
Tac 5 Trio tote,M,30,30,  
Tac 5 Trio tote,N,30,30,  
Tac 5 Trio tote,O,No current vendor,0,  
Tac 5 Trio tote,P,No current vendor,0,  
Tac 5 Trio tote,Q,30,30,  
Tac 5 Trio tote,R,No current vendor,0,  
Tac 5 Trio tote,S,No current vendor,0,  
Tac 5 Trio tote,T,No current vendor,0,  
Tac 5 Trio tote,U,No current vendor,0,  
Tac 5 Trio tote,V,No current vendor,0,  
Tac 5 Trio tote,W,No current vendor,0,  
Tac 5 Trio tote,X,30,30,  
Tac 5 Trio tote,Y,No current vendor,0,  
Tac 5 Trio tote,Z,No current vendor,0,  
Win Basic MSO 2.5,A,30,30,11.91
Win Basic MSO 2.5,B,No current vendor,0,  
Win Basic MSO 2.5,C,August 1st terms,242,  
Win Basic MSO 2.5,D,March 15th terms ,103,9.5
Win Basic MSO 2.5,E,30,30,  
Win Basic MSO 2.5,F,30,30,11.91
Win Basic MSO 2.5,G,30,30,11.5
Win Basic MSO 2.5,H,30,30,  
Win Basic MSO 2.5,I,30,30,  
Win Basic MSO 2.5,J,March 15th terms ,103,  
Win Basic MSO 2.5,K,30,30,  
Win Basic MSO 2.5,L,30,30,  
Win Basic MSO 2.5,M,30,30,  
Win Basic MSO 2.5,N,30,30,  
Win Basic MSO 2.5,O,No current vendor,0,  
Win Basic MSO 2.5,P,No current vendor,0,  
Win Basic MSO 2.5,Q,30,30,  
Win Basic MSO 2.5,R,No current vendor,0,  
Win Basic MSO 2.5,S,No current vendor,0,  
Win Basic MSO 2.5,T,No current vendor,0,  
Win Basic MSO 2.5,U,No current vendor,0,  
Win Basic MSO 2.5,V,No current vendor,0,  
Win Basic MSO 2.5,W,No current vendor,0,  
Win Basic MSO 2.5,X,30,30,  
Win Basic MSO 2.5,Y,No current vendor,0,  
Win Basic MSO 2.5,Z,No current vendor,0,  
Win Basic MSO tote,A,30,30,10.05
Win Basic MSO tote,B,No current vendor,0,  
Win Basic MSO tote,C,August 1st terms,242,  
Win Basic MSO tote,D,March 15th terms ,103,8.7
Win Basic MSO tote,E,30,30,  
Win Basic MSO tote,F,30,30,10.05
Win Basic MSO tote,G,30,30,9.5
Win Basic MSO tote,H,30,30,  
Win Basic MSO tote,I,30,30,  
Win Basic MSO tote,J,March 15th terms ,103,  
Win Basic MSO tote,K,30,30,  
Win Basic MSO tote,L,30,30,  
Win Basic MSO tote,M,30,30,  
Win Basic MSO tote,N,30,30,  
Win Basic MSO tote,O,No current vendor,0,  
Win Basic MSO tote,P,No current vendor,0,  
Win Basic MSO tote,Q,30,30,  
Win Basic MSO tote,R,No current vendor,0,  
Win Basic MSO tote,S,No current vendor,0,  
Win Basic MSO tote,T,No current vendor,0,  
Win Basic MSO tote,U,No current vendor,0,  
Win Basic MSO tote,V,No current vendor,0,  
Win Basic MSO tote,W,No current vendor,0,  
Win Basic MSO tote,X,30,30,  
Win Basic MSO tote,Y,No current vendor,0,  
Win Basic MSO tote,Z,No current vendor,0,  
Win Bumper B 2.5,A,30,30,  
Win Bumper B 2.5,B,No current vendor,0,  
Win Bumper B 2.5,C,August 1st terms,242,  
Win Bumper B 2.5,D,March 15th terms ,103,  
Win Bumper B 2.5,E,30,30,  
Win Bumper B 2.5,F,30,30,  
Win Bumper B 2.5,G,30,30,  
Win Bumper B 2.5,H,30,30,  
Win Bumper B 2.5,I,30,30,  
Win Bumper B 2.5,J,March 15th terms ,103,  
Win Bumper B 2.5,K,30,30,  
Win Bumper B 2.5,L,30,30,  
Win Bumper B 2.5,M,30,30,  
Win Bumper B 2.5,N,30,30,  
Win Bumper B 2.5,O,No current vendor,0,  
Win Bumper B 2.5,P,No current vendor,0,  
Win Bumper B 2.5,Q,30,30,  
Win Bumper B 2.5,R,No current vendor,0,  
Win Bumper B 2.5,S,No current vendor,0,  
Win Bumper B 2.5,T,No current vendor,0,  
Win Bumper B 2.5,U,No current vendor,0,  
Win Bumper B 2.5,V,No current vendor,0,  
Win Bumper B 2.5,W,No current vendor,0,  
Win Bumper B 2.5,X,30,30,  
Win Bumper B 2.5,Y,No current vendor,0,  
Win Bumper B 2.5,Z,No current vendor,0,  
Win Bumper B Tote,A,30,30,  
Win Bumper B Tote,B,No current vendor,0,  
Win Bumper B Tote,C,August 1st terms,242,  
Win Bumper B Tote,D,March 15th terms ,103,  
Win Bumper B Tote,E,30,30,  
Win Bumper B Tote,F,30,30,  
Win Bumper B Tote,G,30,30,  
Win Bumper B Tote,H,30,30,  
Win Bumper B Tote,I,30,30,  
Win Bumper B Tote,J,March 15th terms ,103,  
Win Bumper B Tote,K,30,30,  
Win Bumper B Tote,L,30,30,  
Win Bumper B Tote,M,30,30,  
Win Bumper B Tote,N,30,30,  
Win Bumper B Tote,O,No current vendor,0,  
Win Bumper B Tote,P,No current vendor,0,  
Win Bumper B Tote,Q,30,30,  
Win Bumper B Tote,R,No current vendor,0,  
Win Bumper B Tote,S,No current vendor,0,  
Win Bumper B Tote,T,No current vendor,0,  
Win Bumper B Tote,U,No current vendor,0,  
Win Bumper B Tote,V,No current vendor,0,  
Win Bumper B Tote,W,No current vendor,0,  
Win Bumper B Tote,X,30,30,  
Win Bumper B Tote,Y,No current vendor,0,  
Win Bumper B Tote,Z,No current vendor,0,  
Win COC 2.5,A,30,30,10.03
Win COC 2.5,B,No current vendor,0,  
Win COC 2.5,C,August 1st terms,242,  
Win COC 2.5,D,March 15th terms ,103,9.1
Win COC 2.5,E,30,30,  
Win COC 2.5,F,30,30,10.03
Win COC 2.5,G,30,30,9.45
Win COC 2.5,H,30,30,  
Win COC 2.5,I,30,30,  
Win COC 2.5,J,March 15th terms ,103,  
Win COC 2.5,K,30,30,  
Win COC 2.5,L,30,30,  
Win COC 2.5,M,30,30,  
Win COC 2.5,N,30,30,  
Win COC 2.5,O,No current vendor,0,  
Win COC 2.5,P,No current vendor,0,  
Win COC 2.5,Q,30,30,  
Win COC 2.5,R,No current vendor,0,  
Win COC 2.5,S,No current vendor,0,  
Win COC 2.5,T,No current vendor,0,  
Win COC 2.5,U,No current vendor,0,  
Win COC 2.5,V,No current vendor,0,  
Win COC 2.5,W,No current vendor,0,  
Win COC 2.5,X,30,30,  
Win COC 2.5,Y,No current vendor,0,  
Win COC 2.5,Z,No current vendor,0,  
Win COC tote,A,30,30,8.35
Win COC tote,B,No current vendor,0,  
Win COC tote,C,August 1st terms,242,  
Win COC tote,D,March 15th terms ,103,8
Win COC tote,E,30,30,  
Win COC tote,F,30,30,8.35
Win COC tote,G,30,30,8.35
Win COC tote,H,30,30,  
Win COC tote,I,30,30,  
Win COC tote,J,March 15th terms ,103,  
Win COC tote,K,30,30,  
Win COC tote,L,30,30,  
Win COC tote,M,30,30,  
Win COC tote,N,30,30,  
Win COC tote,O,No current vendor,0,  
Win COC tote,P,No current vendor,0,  
Win COC tote,Q,30,30,  
Win COC tote,R,No current vendor,0,  
Win COC tote,S,No current vendor,0,  
Win COC tote,T,No current vendor,0,  
Win COC tote,U,No current vendor,0,  
Win COC tote,V,No current vendor,0,  
Win COC tote,W,No current vendor,0,  
Win COC tote,X,30,30,  
Win COC tote,Y,No current vendor,0,  
Win COC tote,Z,No current vendor,0,  
Win Hot METH 2.5,A,30,30,15.39
Win Hot METH 2.5,B,No current vendor,0,  
Win Hot METH 2.5,C,August 1st terms,242,  
Win Hot METH 2.5,D,March 15th terms ,103,11.75
Win Hot METH 2.5,E,30,30,  
Win Hot METH 2.5,F,30,30,15.39
Win Hot METH 2.5,G,30,30,15.5
Win Hot METH 2.5,H,30,30,  
Win Hot METH 2.5,I,30,30,  
Win Hot METH 2.5,J,March 15th terms ,103,  
Win Hot METH 2.5,K,30,30,  
Win Hot METH 2.5,L,30,30,  
Win Hot METH 2.5,M,30,30,  
Win Hot METH 2.5,N,30,30,  
Win Hot METH 2.5,O,No current vendor,0,  
Win Hot METH 2.5,P,No current vendor,0,  
Win Hot METH 2.5,Q,30,30,  
Win Hot METH 2.5,R,No current vendor,0,  
Win Hot METH 2.5,S,No current vendor,0,  
Win Hot METH 2.5,T,No current vendor,0,  
Win Hot METH 2.5,U,No current vendor,0,  
Win Hot METH 2.5,V,No current vendor,0,  
Win Hot METH 2.5,W,No current vendor,0,  
Win Hot METH 2.5,X,30,30,  
Win Hot METH 2.5,Y,No current vendor,0,  
Win Hot METH 2.5,Z,No current vendor,0,  
Win Hot METH tote,A,30,30,13.5
Win Hot METH tote,B,No current vendor,0,  
Win Hot METH tote,C,August 1st terms,242,  
Win Hot METH tote,D,March 15th terms ,103,10.75
Win Hot METH tote,E,30,30,  
Win Hot METH tote,F,30,30,13.5
Win Hot METH tote,G,30,30,13.5
Win Hot METH tote,H,30,30,  
Win Hot METH tote,I,30,30,  
Win Hot METH tote,J,March 15th terms ,103,  
Win Hot METH tote,K,30,30,  
Win Hot METH tote,L,30,30,  
Win Hot METH tote,M,30,30,  
Win Hot METH tote,N,30,30,  
Win Hot METH tote,O,No current vendor,0,  
Win Hot METH tote,P,No current vendor,0,  
Win Hot METH tote,Q,30,30,  
Win Hot METH tote,R,No current vendor,0,  
Win Hot METH tote,S,No current vendor,0,  
Win Hot METH tote,T,No current vendor,0,  
Win Hot METH tote,U,No current vendor,0,  
Win Hot METH tote,V,No current vendor,0,  
Win Hot METH tote,W,No current vendor,0,  
Win Hot METH tote,X,30,30,  
Win Hot METH tote,Y,No current vendor,0,  
Win Hot METH tote,Z,No current vendor,0,  
WinBioBlack tote,A,30,30,  
WinBioBlack tote,B,No current vendor,0,  
WinBioBlack tote,C,August 1st terms,242,  
WinBioBlack tote,D,March 15th terms ,103,  
WinBioBlack tote,E,30,30,  
WinBioBlack tote,F,30,30,  
WinBioBlack tote,G,30,30,  
WinBioBlack tote,H,30,30,  
WinBioBlack tote,I,30,30,  
WinBioBlack tote,J,March 15th terms ,103,  
WinBioBlack tote,K,30,30,  
WinBioBlack tote,L,30,30,  
WinBioBlack tote,M,30,30,  
WinBioBlack tote,N,30,30,  
WinBioBlack tote,O,No current vendor,0,  
WinBioBlack tote,P,No current vendor,0,  
WinBioBlack tote,Q,30,30,  
WinBioBlack tote,R,No current vendor,0,  
WinBioBlack tote,S,No current vendor,0,  
WinBioBlack tote,T,No current vendor,0,  
WinBioBlack tote,U,No current vendor,0,  
WinBioBlack tote,V,No current vendor,0,  
WinBioBlack tote,W,No current vendor,0,  
WinBioBlack tote,X,30,30,  
WinBioBlack tote,Y,No current vendor,0,  
WinBioBlack tote,Z,No current vendor,0,  
WinBioGold 2.5,A,30,30,  
WinBioGold 2.5,B,No current vendor,0,  
WinBioGold 2.5,C,August 1st terms,242,12.5
WinBioGold 2.5,D,March 15th terms ,103,8
WinBioGold 2.5,E,30,30,  
WinBioGold 2.5,F,30,30,  
WinBioGold 2.5,G,30,30,  
WinBioGold 2.5,H,30,30,  
WinBioGold 2.5,I,30,30,  
WinBioGold 2.5,J,March 15th terms ,103,  
WinBioGold 2.5,K,30,30,  
WinBioGold 2.5,L,30,30,  
WinBioGold 2.5,M,30,30,  
WinBioGold 2.5,N,30,30,  
WinBioGold 2.5,O,No current vendor,0,  
WinBioGold 2.5,P,No current vendor,0,  
WinBioGold 2.5,Q,30,30,  
WinBioGold 2.5,R,No current vendor,0,  
WinBioGold 2.5,S,No current vendor,0,  
WinBioGold 2.5,T,No current vendor,0,  
WinBioGold 2.5,U,No current vendor,0,  
WinBioGold 2.5,V,No current vendor,0,  
WinBioGold 2.5,W,No current vendor,0,  
WinBioGold 2.5,X,30,30,  
WinBioGold 2.5,Y,No current vendor,0,  
WinBioGold 2.5,Z,No current vendor,0,  
WinBioGold tote,A,30,30,  
WinBioGold tote,B,No current vendor,0,  
WinBioGold tote,C,August 1st terms,242,9.75
WinBioGold tote,D,March 15th terms ,103,7
WinBioGold tote,E,30,30,  
WinBioGold tote,F,30,30,  
WinBioGold tote,G,30,30,  
WinBioGold tote,H,30,30,  
WinBioGold tote,I,30,30,  
WinBioGold tote,J,March 15th terms ,103,  
WinBioGold tote,K,30,30,  
WinBioGold tote,L,30,30,  
WinBioGold tote,M,30,30,  
WinBioGold tote,N,30,30,  
WinBioGold tote,O,No current vendor,0,  
WinBioGold tote,P,No current vendor,0,  
WinBioGold tote,Q,30,30,  
WinBioGold tote,R,No current vendor,0,  
WinBioGold tote,S,No current vendor,0,  
WinBioGold tote,T,No current vendor,0,  
WinBioGold tote,U,No current vendor,0,  
WinBioGold tote,V,No current vendor,0,  
WinBioGold tote,W,No current vendor,0,  
WinBioGold tote,X,30,30,  
WinBioGold tote,Y,No current vendor,0,  
WinBioGold tote,Z,No current vendor,0,  
WinHumicFlow,A,30,30,  
WinHumicFlow,B,No current vendor,0,  
WinHumicFlow,C,August 1st terms,242,  
WinHumicFlow,D,March 15th terms ,103,  
WinHumicFlow,E,30,30,  
WinHumicFlow,F,30,30,  
WinHumicFlow,G,30,30,  
WinHumicFlow,H,30,30,  
WinHumicFlow,I,30,30,  
WinHumicFlow,J,March 15th terms ,103,  
WinHumicFlow,K,30,30,  
WinHumicFlow,L,30,30,  
WinHumicFlow,M,30,30,  
WinHumicFlow,N,30,30,  
WinHumicFlow,O,No current vendor,0,  
WinHumicFlow,P,No current vendor,0,  
WinHumicFlow,Q,30,30,  
WinHumicFlow,R,No current vendor,0,  
WinHumicFlow,S,No current vendor,0,  
WinHumicFlow,T,No current vendor,0,  
WinHumicFlow,U,No current vendor,0,  
WinHumicFlow,V,No current vendor,0,  
WinHumicFlow,W,No current vendor,0,  
WinHumicFlow,X,30,30,  
WinHumicFlow,Y,No current vendor,0,  
WinHumicFlow,Z,No current vendor,0,  
WinLock 2.5,A,30,30,  
WinLock 2.5,B,No current vendor,0,  
WinLock 2.5,C,August 1st terms,242,  
WinLock 2.5,D,March 15th terms ,103,  
WinLock 2.5,E,30,30,  
WinLock 2.5,F,30,30,  
WinLock 2.5,G,30,30,  
WinLock 2.5,H,30,30,  
WinLock 2.5,I,30,30,  
WinLock 2.5,J,March 15th terms ,103,  
WinLock 2.5,K,30,30,  
WinLock 2.5,L,30,30,  
WinLock 2.5,M,30,30,  
WinLock 2.5,N,30,30,  
WinLock 2.5,O,No current vendor,0,  
WinLock 2.5,P,No current vendor,0,  
WinLock 2.5,Q,30,30,  
WinLock 2.5,R,No current vendor,0,  
WinLock 2.5,S,No current vendor,0,  
WinLock 2.5,T,No current vendor,0,  
WinLock 2.5,U,No current vendor,0,  
WinLock 2.5,V,No current vendor,0,  
WinLock 2.5,W,No current vendor,0,  
WinLock 2.5,X,30,30,  
WinLock 2.5,Y,No current vendor,0,  
WinLock 2.5,Z,No current vendor,0,  
WinLock tote,A,30,30,  
WinLock tote,B,No current vendor,0,  
WinLock tote,C,August 1st terms,242,  
WinLock tote,D,March 15th terms ,103,  
WinLock tote,E,30,30,  
WinLock tote,F,30,30,  
WinLock tote,G,30,30,  
WinLock tote,H,30,30,  
WinLock tote,I,30,30,  
WinLock tote,J,March 15th terms ,103,  
WinLock tote,K,30,30,  
WinLock tote,L,30,30,  
WinLock tote,M,30,30,  
WinLock tote,N,30,30,  
WinLock tote,O,No current vendor,0,  
WinLock tote,P,No current vendor,0,  
WinLock tote,Q,30,30,  
WinLock tote,R,No current vendor,0,  
WinLock tote,S,No current vendor,0,  
WinLock tote,T,No current vendor,0,  
WinLock tote,U,No current vendor,0,  
WinLock tote,V,No current vendor,0,  
WinLock tote,W,No current vendor,0,  
WinLock tote,X,30,30,  
WinLock tote,Y,No current vendor,0,  
WinLock tote,Z,No current vendor,0,  
